id,supplier_id,part,unit_price,currency,lead_days,capacity,issued,valid_until
DEMO-Q01-BP,DEMO-S01,Brake pad,420,INR,8,2000,2026-09-01,2026-09-30
DEMO-Q01-AF,DEMO-S01,Air filter,231,INR,8,2000,2026-09-01,2026-09-30
DEMO-Q02-BP,DEMO-S02,Brake pad,365,INR,14,2000,2026-09-01,2026-09-30
DEMO-Q02-AF,DEMO-S02,Air filter,201,INR,14,2000,2026-09-01,2026-09-30
DEMO-Q03-BP,DEMO-S03,Brake pad,398,INR,,2000,2026-09-01,2026-09-30
DEMO-Q03-AF,DEMO-S03,Air filter,219,INR,,2000,2026-09-01,2026-09-30
DEMO-Q04-BP,DEMO-S04,Brake pad,382,INR,7,2000,2026-09-01,2026-09-30
DEMO-Q04-AF,DEMO-S04,Air filter,210,INR,7,2000,2026-09-01,2026-09-30
DEMO-Q05-BP,DEMO-S05,Brake pad,355,INR,9,2000,2026-09-01,2026-09-30
DEMO-Q05-AF,DEMO-S05,Air filter,195,INR,9,2000,2026-09-01,2026-09-30
DEMO-Q06-BP,DEMO-S06,Brake pad,390,INR,9,1000,2026-09-01,2026-09-30
DEMO-Q06-AF,DEMO-S06,Air filter,215,INR,9,1000,2026-09-01,2026-09-30
