id,supplier_id,date,defect_rate,on_time_delivery
DEMO-SC01-1,DEMO-S01,2026-06-30,1.4,95
DEMO-SC01-2,DEMO-S01,2026-07-31,1.25,96
DEMO-SC01-3,DEMO-S01,2026-08-31,1.1,97
DEMO-SC02-1,DEMO-S02,2026-06-30,1.1,84
DEMO-SC02-2,DEMO-S02,2026-07-31,0.95,85
DEMO-SC02-3,DEMO-S02,2026-08-31,0.8,86
DEMO-SC03-1,DEMO-S03,2026-06-30,1.3,91
DEMO-SC03-2,DEMO-S03,2026-07-31,1.15,92
DEMO-SC03-3,DEMO-S03,2026-08-31,1.0,93
DEMO-SC04-1,DEMO-S04,2025-10-31,1.2,94
DEMO-SC04-2,DEMO-S04,2025-11-30,1.05,95
DEMO-SC04-3,DEMO-S04,2025-12-31,0.9,96
DEMO-SC05-1,DEMO-S05,2026-06-30,3.5,81
DEMO-SC05-2,DEMO-S05,2026-07-31,3.35,82
DEMO-SC05-3,DEMO-S05,2026-08-31,3.2,83
DEMO-SC06-1,DEMO-S06,2026-06-30,1.8,92
DEMO-SC06-2,DEMO-S06,2026-07-31,1.65,93
DEMO-SC06-3,DEMO-S06,2026-08-31,1.5,94
